{
  "version": 2,
  "builds": [
      {
          "src": "./index.py",
          "use": "@vercel/python"
      }
  ],
  "rewrites": [
      {
          "source": "/(.*)",
          "destination": "/"
      }
  ],
  "headers": [
      {
          "source": "/(.*)",
          "headers": [
              {
                  "key": "X-Content-Type-Options",
                  "value": "nosniff"
              },
              {
                  "key": "X-Frame-Options",
                  "value": "DENY"
              },
              {
                  "key": "X-XSS-Protection",
                  "value": "1; mode=block"
              },
              {
                  "key": "x-robots-tag",
                  "value": "noindex, nofollow"
              }
          ]
      }
  ]
}